{"cameraMode":{"drawMode":0,"name":"Shaded","section":"Shading Mode"},"sceneLighting":false,"audioPlay":false,"sceneViewState":{"m_AlwaysRefresh":false,"showFog":true,"showSkybox":false,"showFlares":true,"showImageEffects":true,"showParticleSystems":true,"showVisualEffectGraphs":true,"m_FxEnabled":true},"in2DMode":false,"pivot":{"x":-0.5301997661590576,"y":-0.34385889768600466,"z":82.13236999511719},"rotation":{"x":-0.09166436642408371,"y":0.018816426396369935,"z":-0.0017323786159977317,"w":-0.9956110119819641},"size":2.2799344062805177,"orthographic":false}